Timestamp,Epoch_Time_ms,MAG,D,P1,P2,P3
2026-06-18 17:55:49.062,1781823349062,130.6158,4.7,0,0,0
2026-06-18 17:55:49.102,1781823349102,130.6158,4.7,0,0,0
2026-06-18 17:55:49.142,1781823349142,130.6158,4.7,0,0,0
2026-06-18 17:55:49.182,1781823349182,130.6158,4.8,0,0,0
2026-06-18 17:55:49.222,1781823349222,130.6158,4.8,0,0,0
2026-06-18 17:55:49.262,1781823349262,130.6158,4.7,0,0,0
2026-06-18 17:55:49.302,1781823349302,127.9845,4.7,0,0,0
2026-06-18 17:55:49.342,1781823349342,127.9845,4.6,0,0,0
2026-06-18 17:55:49.382,1781823349382,127.9845,4.6,0,0,0
2026-06-18 17:55:49.422,1781823349422,127.9845,4.7,0,0,0
2026-06-18 17:55:49.462,1781823349462,127.9845,4.6,0,0,0
2026-06-18 17:55:49.502,1781823349502,127.9845,4.7,0,0,0
2026-06-18 17:55:49.542,1781823349542,127.9845,4.6,0,0,0
2026-06-18 17:55:49.582,1781823349582,131.1325,4.7,0,0,0
2026-06-18 17:55:49.622,1781823349622,131.1325,4.7,0,0,0
2026-06-18 17:55:49.662,1781823349662,131.1325,4.7,0,0,0
2026-06-18 17:55:49.702,1781823349702,131.1325,4.6,0,0,0
2026-06-18 17:55:49.742,1781823349742,131.1325,4.7,0,0,0
2026-06-18 17:55:49.782,1781823349782,131.1325,4.6,0,0,0
2026-06-18 17:55:49.822,1781823349822,128.0877,4.7,0,0,0
2026-06-18 17:55:49.862,1781823349862,128.0877,4.6,0,0,0
2026-06-18 17:55:49.902,1781823349902,128.0877,4.7,0,0,0
2026-06-18 17:55:49.942,1781823349942,128.0877,4.6,0,0,0
2026-06-18 17:55:49.982,1781823349982,128.0877,4.7,0,0,0
2026-06-18 17:55:50.022,1781823350022,128.0877,4.7,0,0,0
2026-06-18 17:55:50.062,1781823350062,128.0877,4.6,0,0,0
2026-06-18 17:55:50.102,1781823350102,133.6906,4.7,0,0,0
2026-06-18 17:55:50.142,1781823350142,133.6906,4.6,0,0,0
2026-06-18 17:55:50.182,1781823350182,133.6906,4.6,0,0,0
2026-06-18 17:55:50.222,1781823350222,133.6906,4.6,0,0,0
2026-06-18 17:55:50.262,1781823350262,133.6906,4.7,0,0,0
2026-06-18 17:55:50.302,1781823350302,133.6906,4.7,0,0,0
2026-06-18 17:55:50.342,1781823350342,131.9809,4.7,0,0,0
2026-06-18 17:55:50.382,1781823350382,131.9809,4.6,0,0,0
2026-06-18 17:55:50.422,1781823350422,131.9809,4.7,0,0,0
2026-06-18 17:55:50.462,1781823350462,131.9809,4.6,0,0,0
2026-06-18 17:55:50.502,1781823350502,131.9809,4.7,0,0,0
2026-06-18 17:55:50.542,1781823350542,131.9809,4.8,0,0,0
2026-06-18 17:55:50.582,1781823350582,131.9809,4.8,0,0,0
2026-06-18 17:55:50.622,1781823350622,135.7345,4.7,0,0,0
2026-06-18 17:55:50.662,1781823350662,135.7345,4.6,0,0,0
2026-06-18 17:55:50.702,1781823350702,135.7345,4.6,0,0,0
2026-06-18 17:55:50.742,1781823350742,135.7345,4.6,0,0,0
2026-06-18 17:55:50.782,1781823350782,135.7345,4.7,0,0,0
2026-06-18 17:55:50.822,1781823350822,135.7345,4.7,0,0,0
2026-06-18 17:55:50.862,1781823350862,133.7241,4.7,0,0,0
2026-06-18 17:55:50.902,1781823350902,133.7241,4.6,0,0,0
2026-06-18 17:55:50.942,1781823350942,133.7241,4.6,0,0,0
2026-06-18 17:55:50.982,1781823350982,133.7241,4.6,0,0,0
2026-06-18 17:55:51.022,1781823351022,133.7241,4.7,0,0,0
2026-06-18 17:55:51.062,1781823351062,133.7241,4.6,0,0,0
2026-06-18 17:55:51.102,1781823351102,133.7241,4.7,0,0,0
2026-06-18 17:55:51.142,1781823351142,132.9618,4.6,0,0,0
2026-06-18 17:55:51.182,1781823351182,132.9618,4.6,0,0,0
2026-06-18 17:55:51.222,1781823351222,132.9618,4.7,0,0,0
2026-06-18 17:55:51.262,1781823351262,132.9618,4.7,0,0,0
2026-06-18 17:55:51.302,1781823351302,132.9618,4.7,0,0,0
2026-06-18 17:55:51.342,1781823351342,132.9618,4.7,0,0,0
2026-06-18 17:55:51.382,1781823351382,125.6725,4.7,0,0,0
2026-06-18 17:55:51.422,1781823351422,125.6725,4.6,0,0,0
2026-06-18 17:55:51.462,1781823351462,125.6725,4.6,0,0,0
2026-06-18 17:55:51.502,1781823351502,125.6725,4.7,0,0,0
2026-06-18 17:55:51.542,1781823351542,125.6725,4.7,0,0,0
2026-06-18 17:55:51.582,1781823351582,125.6725,4.7,0,0,0
2026-06-18 17:55:51.622,1781823351622,125.6725,4.7,0,0,0
2026-06-18 17:55:51.662,1781823351662,128.1181,4.7,0,0,0
2026-06-18 17:55:51.702,1781823351702,128.1181,4.7,0,0,0
2026-06-18 17:55:51.742,1781823351742,128.1181,4.6,0,0,0
2026-06-18 17:55:51.782,1781823351782,128.1181,4.7,0,0,0
2026-06-18 17:55:51.822,1781823351822,128.1181,4.6,0,0,0
2026-06-18 17:55:51.862,1781823351862,128.1181,4.7,0,0,0
2026-06-18 17:55:51.902,1781823351902,128.6507,4.7,0,0,0
2026-06-18 17:55:51.942,1781823351942,128.6507,4.7,0,0,0
2026-06-18 17:55:51.982,1781823351982,128.6507,4.6,0,0,0
2026-06-18 17:55:52.022,1781823352022,128.6507,4.7,0,0,0
2026-06-18 17:55:52.062,1781823352062,128.6507,4.6,0,0,0
2026-06-18 17:55:52.102,1781823352102,128.6507,4.8,0,0,0
2026-06-18 17:55:52.142,1781823352142,128.6507,4.8,0,0,0
2026-06-18 17:55:52.182,1781823352182,125.0746,4.7,0,0,0
2026-06-18 17:55:52.222,1781823352222,125.0746,4.6,0,0,0
2026-06-18 17:55:52.262,1781823352262,125.0746,4.7,0,0,0
2026-06-18 17:55:52.302,1781823352302,125.0746,4.6,0,0,0
2026-06-18 17:55:52.342,1781823352342,125.0746,4.6,0,0,0
2026-06-18 17:55:52.383,1781823352383,125.0746,4.7,0,0,0
2026-06-18 17:55:52.422,1781823352422,132.3451,4.7,0,0,0
2026-06-18 17:55:52.462,1781823352462,132.3451,4.6,0,0,0
2026-06-18 17:55:52.502,1781823352502,132.3451,4.7,0,0,0
2026-06-18 17:55:52.542,1781823352542,132.3451,4.7,0,0,0
2026-06-18 17:55:52.582,1781823352582,132.3451,4.6,0,0,0
2026-06-18 17:55:52.622,1781823352622,132.3451,4.8,0,0,0
2026-06-18 17:55:52.662,1781823352662,132.3451,4.7,0,0,0
2026-06-18 17:55:52.702,1781823352702,127.0012,4.7,0,0,0
2026-06-18 17:55:52.742,1781823352742,127.0012,4.6,0,0,0
2026-06-18 17:55:52.782,1781823352782,127.0012,4.6,0,0,0
2026-06-18 17:55:52.822,1781823352822,127.0012,4.7,0,0,0
2026-06-18 17:55:52.862,1781823352862,127.0012,4.6,0,0,0
2026-06-18 17:55:52.902,1781823352902,127.0012,4.6,0,0,0
2026-06-18 17:55:52.942,1781823352942,129.4714,4.7,0,0,0
2026-06-18 17:55:52.982,1781823352982,129.4714,4.6,0,0,0
2026-06-18 17:55:53.022,1781823353022,129.4714,4.6,0,0,0
2026-06-18 17:55:53.062,1781823353062,129.4714,4.7,0,0,0
2026-06-18 17:55:53.102,1781823353102,129.4714,4.7,0,0,0
2026-06-18 17:55:53.142,1781823353142,129.4714,4.6,0,0,0
2026-06-18 17:55:53.182,1781823353182,129.4714,4.7,0,0,0
2026-06-18 17:55:53.222,1781823353222,317.8795,4.7,0,0,0
2026-06-18 17:55:53.262,1781823353262,317.8795,4.7,0,1,0
2026-06-18 17:55:53.302,1781823353302,317.8795,4.7,0,1,0
2026-06-18 17:55:53.342,1781823353342,317.8795,4.8,0,1,0
2026-06-18 17:55:53.382,1781823353382,317.8795,4.7,0,1,0
2026-06-18 17:55:53.422,1781823353422,317.8795,4.6,0,0,0
2026-06-18 17:55:53.462,1781823353462,414.9438,4.7,0,1,0
2026-06-18 17:55:53.502,1781823353502,414.9438,4.7,0,1,0
2026-06-18 17:55:53.542,1781823353542,414.9438,4.6,0,1,0
2026-06-18 17:55:53.582,1781823353582,414.9438,4.6,0,0,0
2026-06-18 17:55:53.622,1781823353622,414.9438,4.7,0,1,0
2026-06-18 17:55:53.662,1781823353662,414.9438,4.6,0,1,0
2026-06-18 17:55:53.702,1781823353702,414.9438,4.8,0,1,0
2026-06-18 17:55:53.742,1781823353742,433.8451,4.7,0,1,0
2026-06-18 17:55:53.782,1781823353782,433.8451,4.7,0,1,0
2026-06-18 17:55:53.822,1781823353822,433.8451,4.6,0,1,0
2026-06-18 17:55:53.862,1781823353862,433.8451,4.8,0,1,0
2026-06-18 17:55:53.902,1781823353902,433.8451,4.8,0,1,0
2026-06-18 17:55:53.942,1781823353942,433.8451,4.7,0,1,0
2026-06-18 17:55:53.982,1781823353982,455.9656,4.7,0,1,0
2026-06-18 17:55:54.022,1781823354022,455.9656,4.6,0,1,0
2026-06-18 17:55:54.062,1781823354062,455.9656,4.6,0,1,0
2026-06-18 17:55:54.102,1781823354102,455.9656,4.7,0,1,0
2026-06-18 17:55:54.142,1781823354142,455.9656,4.7,0,1,0
2026-06-18 17:55:54.182,1781823354182,455.9656,4.7,0,1,0
2026-06-18 17:55:54.222,1781823354222,455.9656,4.7,0,1,0
2026-06-18 17:55:54.262,1781823354262,510.9756,4.7,0,1,0
2026-06-18 17:55:54.302,1781823354302,510.9756,4.7,0,0,0
2026-06-18 17:55:54.342,1781823354342,510.9756,4.6,0,1,0
2026-06-18 17:55:54.382,1781823354382,510.9756,4.6,0,1,0
2026-06-18 17:55:54.422,1781823354422,510.9756,4.7,0,1,0
2026-06-18 17:55:54.462,1781823354462,510.9756,4.7,0,1,0
2026-06-18 17:55:54.502,1781823354502,545.6828,4.7,0,1,0
2026-06-18 17:55:54.542,1781823354542,545.6828,4.6,0,1,0
2026-06-18 17:55:54.582,1781823354582,545.6828,4.6,0,1,0
2026-06-18 17:55:54.622,1781823354622,545.6828,4.7,0,1,0
2026-06-18 17:55:54.662,1781823354662,545.6828,4.6,0,1,0
2026-06-18 17:55:54.702,1781823354702,545.6828,4.7,0,1,0
2026-06-18 17:55:54.742,1781823354742,545.6828,4.8,0,1,0
2026-06-18 17:55:54.782,1781823354782,569.8044,4.7,0,1,0
2026-06-18 17:55:54.822,1781823354822,569.8044,4.6,0,1,0
2026-06-18 17:55:54.862,1781823354862,569.8044,4.6,0,1,0
2026-06-18 17:55:54.902,1781823354902,569.8044,4.8,0,1,0
2026-06-18 17:55:54.942,1781823354942,569.8044,5.2,0,1,0
2026-06-18 17:55:54.982,1781823354982,569.8044,4.6,0,1,0
2026-06-18 17:55:55.022,1781823355022,584.0804,5.1,0,1,0
2026-06-18 17:55:55.062,1781823355062,584.0804,5.2,0,1,0
2026-06-18 17:55:55.102,1781823355102,584.0804,4.6,0,1,0
2026-06-18 17:55:55.142,1781823355142,584.0804,5.2,0,1,0
2026-06-18 17:55:55.182,1781823355182,584.0804,4.7,0,1,0
2026-06-18 17:55:55.222,1781823355222,584.0804,4.6,0,1,0
2026-06-18 17:55:55.262,1781823355262,584.0804,4.8,0,1,0
2026-06-18 17:55:55.302,1781823355302,600.8018,4.7,0,1,0
2026-06-18 17:55:55.342,1781823355342,600.8018,5.2,0,1,0
2026-06-18 17:55:55.382,1781823355382,600.8018,5.2,0,1,1
2026-06-18 17:55:55.422,1781823355422,600.8018,5.1,0,1,0
2026-06-18 17:55:55.462,1781823355462,600.8018,4.5,0,1,0
2026-06-18 17:55:55.502,1781823355502,600.8018,4.6,0,1,0
2026-06-18 17:55:55.542,1781823355542,597.5306,4.7,0,1,0
2026-06-18 17:55:55.582,1781823355582,597.5306,4.7,0,1,0
2026-06-18 17:55:55.622,1781823355622,597.5306,4.6,0,1,0
2026-06-18 17:55:55.662,1781823355662,597.5306,4.7,0,1,0
2026-06-18 17:55:55.702,1781823355702,597.5306,4.6,0,1,0
2026-06-18 17:55:55.742,1781823355742,597.5306,4.8,0,1,0
2026-06-18 17:55:55.782,1781823355782,597.5306,5.2,0,1,0
2026-06-18 17:55:55.822,1781823355822,642.9460,4.7,0,1,0
2026-06-18 17:55:55.862,1781823355862,642.9460,4.6,0,1,0
2026-06-18 17:55:55.902,1781823355902,642.9460,4.7,0,1,0
2026-06-18 17:55:55.942,1781823355942,642.9460,4.8,0,1,0
2026-06-18 17:55:55.982,1781823355982,642.9460,4.6,0,1,0
2026-06-18 17:55:56.022,1781823356022,642.9460,4.7,0,1,0
2026-06-18 17:55:56.063,1781823356063,618.4692,4.6,0,1,0
2026-06-18 17:55:56.102,1781823356102,618.4692,4.7,0,1,0
2026-06-18 17:55:56.142,1781823356142,618.4692,4.6,0,1,0
2026-06-18 17:55:56.182,1781823356182,618.4692,4.7,0,1,0
2026-06-18 17:55:56.222,1781823356222,618.4692,5.1,0,1,0
2026-06-18 17:55:56.262,1781823356262,618.4692,4.6,0,1,0
2026-06-18 17:55:56.302,1781823356302,618.4692,5.2,0,1,0
2026-06-18 17:55:56.342,1781823356342,654.3307,4.7,0,1,0
2026-06-18 17:55:56.382,1781823356382,654.3307,4.7,0,1,0
2026-06-18 17:55:56.422,1781823356422,654.3307,4.8,0,1,0
2026-06-18 17:55:56.462,1781823356462,654.3307,4.7,0,1,0
2026-06-18 17:55:56.502,1781823356502,654.3307,4.7,0,1,0
2026-06-18 17:55:56.542,1781823356542,654.3307,5.2,0,1,0
2026-06-18 17:55:56.582,1781823356582,630.5172,4.7,0,1,0
2026-06-18 17:55:56.622,1781823356622,630.5172,5.1,0,1,0
2026-06-18 17:55:56.662,1781823356662,630.5172,5.2,0,1,0
2026-06-18 17:55:56.702,1781823356702,630.5172,4.7,0,1,0
2026-06-18 17:55:56.742,1781823356742,630.5172,4.7,0,1,0
2026-06-18 17:55:56.783,1781823356783,630.5172,4.6,0,1,0
2026-06-18 17:55:56.822,1781823356822,630.5172,5.1,0,1,0
2026-06-18 17:55:56.862,1781823356862,659.4999,4.7,0,1,0
2026-06-18 17:55:56.902,1781823356902,659.4999,4.7,0,1,0
2026-06-18 17:55:56.942,1781823356942,659.4999,5.1,0,1,0
2026-06-18 17:55:56.982,1781823356982,659.4999,5.2,0,1,0
2026-06-18 17:55:57.022,1781823357022,659.4999,4.6,0,1,0
2026-06-18 17:55:57.062,1781823357062,659.4999,4.8,0,1,0
2026-06-18 17:55:57.102,1781823357102,654.1098,4.7,0,1,0
2026-06-18 17:55:57.142,1781823357142,654.1098,4.6,0,1,0
2026-06-18 17:55:57.182,1781823357182,654.1098,5.2,0,1,0
2026-06-18 17:55:57.222,1781823357222,654.1098,4.7,0,1,0
2026-06-18 17:55:57.262,1781823357262,654.1098,4.6,0,1,0
2026-06-18 17:55:57.302,1781823357302,654.1098,4.7,0,1,0
2026-06-18 17:55:57.342,1781823357342,654.1098,4.8,0,1,0
2026-06-18 17:55:57.382,1781823357382,648.8479,4.7,0,1,0
2026-06-18 17:55:57.422,1781823357422,648.8479,4.6,0,1,0
2026-06-18 17:55:57.462,1781823357462,648.8479,4.7,0,1,0
2026-06-18 17:55:57.502,1781823357502,648.8479,5.2,0,1,0
2026-06-18 17:55:57.542,1781823357542,648.8479,4.7,0,1,0
2026-06-18 17:55:57.582,1781823357582,648.8479,4.8,0,1,0
2026-06-18 17:55:57.622,1781823357622,646.7620,4.6,0,1,0
2026-06-18 17:55:57.662,1781823357662,646.7620,4.8,0,1,0
2026-06-18 17:55:57.702,1781823357702,646.7620,4.6,0,1,0
2026-06-18 17:55:57.742,1781823357742,646.7620,4.8,0,1,0
2026-06-18 17:55:57.782,1781823357782,646.7620,4.7,0,1,0
2026-06-18 17:55:57.822,1781823357822,646.7620,4.6,0,1,0
2026-06-18 17:55:57.862,1781823357862,646.7620,5.2,0,1,0
2026-06-18 17:55:57.902,1781823357902,642.8190,4.7,0,1,0
2026-06-18 17:55:57.942,1781823357942,642.8190,4.8,0,1,0
2026-06-18 17:55:57.982,1781823357982,642.8190,4.6,0,1,0
2026-06-18 17:55:58.022,1781823358022,642.8190,4.7,0,1,0
2026-06-18 17:55:58.062,1781823358062,642.8190,4.7,0,1,0
2026-06-18 17:55:58.102,1781823358102,642.8190,4.7,0,1,0
2026-06-18 17:55:58.142,1781823358142,793.2218,5.1,0,1,0
2026-06-18 17:55:58.182,1781823358182,793.2218,4.6,0,1,0
2026-06-18 17:55:58.222,1781823358222,793.2218,4.8,0,1,0
2026-06-18 17:55:58.262,1781823358262,793.2218,4.5,0,1,0
2026-06-18 17:55:58.302,1781823358302,793.2218,4.7,0,1,0
2026-06-18 17:55:58.342,1781823358342,793.2218,5.2,0,1,0
2026-06-18 17:55:58.382,1781823358382,793.2218,4.6,0,1,1
2026-06-18 17:55:58.422,1781823358422,836.1702,4.7,0,1,0
2026-06-18 17:55:58.462,1781823358462,836.1702,4.6,0,1,0
2026-06-18 17:55:58.502,1781823358502,836.1702,4.6,0,1,0
2026-06-18 17:55:58.542,1781823358542,836.1702,4.6,0,1,1
2026-06-18 17:55:58.582,1781823358582,836.1702,4.7,0,1,0
2026-06-18 17:55:58.622,1781823358622,836.1702,4.7,0,1,0
2026-06-18 17:55:58.662,1781823358662,708.9025,4.3,0,1,0
2026-06-18 17:55:58.702,1781823358702,708.9025,5.2,0,1,0
2026-06-18 17:55:58.742,1781823358742,708.9025,5.2,0,1,0
2026-06-18 17:55:58.782,1781823358782,708.9025,4.7,0,1,0
2026-06-18 17:55:58.822,1781823358822,708.9025,4.7,0,1,0
2026-06-18 17:55:58.862,1781823358862,708.9025,4.5,0,1,0
2026-06-18 17:55:58.902,1781823358902,708.9025,4.6,0,1,1
2026-06-18 17:55:58.942,1781823358942,700.2278,5.0,0,1,0
2026-06-18 17:55:58.982,1781823358982,700.2278,5.1,0,1,0
2026-06-18 17:55:59.022,1781823359023,700.2278,4.6,0,1,0
2026-06-18 17:55:59.062,1781823359062,700.2278,4.5,0,1,0
2026-06-18 17:55:59.102,1781823359102,700.2278,4.5,0,1,0
2026-06-18 17:55:59.142,1781823359142,700.2278,4.5,0,1,0
2026-06-18 17:55:59.182,1781823359182,756.7278,4.5,0,1,0
2026-06-18 17:55:59.222,1781823359222,756.7278,4.1,0,1,0
2026-06-18 17:55:59.262,1781823359262,756.7278,4.5,0,1,0
2026-06-18 17:55:59.302,1781823359302,756.7278,4.5,0,1,0
2026-06-18 17:55:59.342,1781823359342,756.7278,4.9,0,1,0
2026-06-18 17:55:59.382,1781823359382,756.7278,5.0,0,1,0
2026-06-18 17:55:59.422,1781823359422,756.7278,5.0,0,1,0
2026-06-18 17:55:59.462,1781823359462,962.3908,4.9,0,1,0
2026-06-18 17:55:59.502,1781823359502,962.3908,4.5,0,1,0
2026-06-18 17:55:59.542,1781823359542,962.3908,5.0,0,1,0
2026-06-18 17:55:59.582,1781823359582,962.3908,5.0,0,1,0
2026-06-18 17:55:59.622,1781823359622,962.3908,5.0,0,1,0
2026-06-18 17:55:59.662,1781823359662,962.3908,5.0,0,1,0
2026-06-18 17:55:59.702,1781823359702,1280.0532,4.9,0,1,0
2026-06-18 17:55:59.742,1781823359742,1280.0532,5.0,0,1,0
2026-06-18 17:55:59.782,1781823359782,1280.0532,5.0,0,1,0
2026-06-18 17:55:59.822,1781823359822,1280.0532,5.0,0,1,0
2026-06-18 17:55:59.862,1781823359862,1280.0532,4.8,0,1,0
2026-06-18 17:55:59.902,1781823359902,1280.0532,5.0,0,1,0
2026-06-18 17:55:59.942,1781823359942,1280.0532,4.6,0,1,0
2026-06-18 17:55:59.982,1781823359982,1674.9985,4.9,0,1,0
2026-06-18 17:56:00.022,1781823360022,1674.9985,4.9,0,1,0
2026-06-18 17:56:00.062,1781823360062,1674.9985,4.9,0,1,0
2026-06-18 17:56:00.102,1781823360102,1674.9985,4.8,0,1,0
2026-06-18 17:56:00.142,1781823360142,1674.9985,4.9,0,1,0
2026-06-18 17:56:00.182,1781823360182,1674.9985,5.1,0,1,0
2026-06-18 17:56:00.222,1781823360222,1947.4597,4.9,0,1,0
2026-06-18 17:56:00.262,1781823360262,1947.4597,4.7,0,1,0
2026-06-18 17:56:00.302,1781823360302,1947.4597,4.9,0,1,0
2026-06-18 17:56:00.342,1781823360342,1947.4597,4.9,0,1,0
2026-06-18 17:56:00.382,1781823360382,1947.4597,4.9,0,1,0
2026-06-18 17:56:00.422,1781823360422,1947.4597,4.9,0,1,0
2026-06-18 17:56:00.462,1781823360462,1947.4597,4.9,0,1,0
2026-06-18 17:56:00.502,1781823360502,1484.5939,4.8,0,1,0
2026-06-18 17:56:00.542,1781823360542,1484.5939,4.9,0,1,0
2026-06-18 17:56:00.582,1781823360582,1484.5939,4.3,0,1,0
2026-06-18 17:56:00.622,1781823360622,1484.5939,4.8,0,1,0
2026-06-18 17:56:00.662,1781823360662,1484.5939,4.7,0,1,0
2026-06-18 17:56:00.702,1781823360703,1484.5939,4.1,0,1,0
2026-06-18 17:56:00.742,1781823360742,1279.5475,4.3,0,1,0
2026-06-18 17:56:00.782,1781823360782,1279.5475,4.3,0,1,0
2026-06-18 17:56:00.822,1781823360822,1279.5475,4.3,0,1,0
2026-06-18 17:56:00.862,1781823360862,1279.5475,4.3,0,1,0
2026-06-18 17:56:00.902,1781823360902,1279.5475,4.2,0,1,0
2026-06-18 17:56:00.942,1781823360942,1279.5475,4.5,0,1,0
2026-06-18 17:56:00.982,1781823360982,1279.5475,4.4,0,1,0
2026-06-18 17:56:01.022,1781823361022,1341.4292,4.4,0,1,0
2026-06-18 17:56:01.062,1781823361062,1341.4292,4.2,0,1,0
2026-06-18 17:56:01.102,1781823361102,1341.4292,4.5,0,1,0
2026-06-18 17:56:01.142,1781823361142,1341.4292,4.5,0,1,0
2026-06-18 17:56:01.182,1781823361182,1341.4292,4.2,0,1,0
2026-06-18 17:56:01.222,1781823361222,1341.4292,4.5,0,1,0
2026-06-18 17:56:01.262,1781823361262,4198.6987,4.4,0,1,0
2026-06-18 17:56:01.302,1781823361302,4198.6987,4.4,0,1,1
2026-06-18 17:56:01.342,1781823361342,4198.6987,4.4,0,1,0
2026-06-18 17:56:01.382,1781823361382,4198.6987,4.4,0,1,0
2026-06-18 17:56:01.422,1781823361422,4198.6987,3.9,0,1,0
2026-06-18 17:56:01.464,1781823361464,4198.6987,4.4,0,1,0
2026-06-18 17:56:01.502,1781823361502,4198.6987,4.4,0,1,0
2026-06-18 17:56:01.542,1781823361542,4265.1523,4.5,0,1,0
2026-06-18 17:56:01.582,1781823361582,4265.1523,4.1,0,1,0
2026-06-18 17:56:01.622,1781823361622,4265.1523,4.6,0,1,0
2026-06-18 17:56:01.662,1781823361662,4265.1523,4.1,0,1,0
2026-06-18 17:56:01.702,1781823361702,4265.1523,4.2,0,1,0
2026-06-18 17:56:01.742,1781823361742,4265.1523,4.2,0,1,0
2026-06-18 17:56:01.782,1781823361782,3305.6377,4.5,0,1,0
2026-06-18 17:56:01.822,1781823361822,3305.6377,4.5,0,1,0
2026-06-18 17:56:01.862,1781823361862,3305.6377,4.6,0,1,0
2026-06-18 17:56:01.902,1781823361902,3305.6377,4.1,0,1,0
2026-06-18 17:56:01.942,1781823361942,3305.6377,4.1,0,1,0
2026-06-18 17:56:01.982,1781823361982,3305.6377,4.2,0,1,0
2026-06-18 17:56:02.022,1781823362022,3305.6377,4.1,0,1,0
2026-06-18 17:56:02.062,1781823362062,1872.0704,4.2,0,1,0
2026-06-18 17:56:02.102,1781823362102,1872.0704,4.3,0,1,0
2026-06-18 17:56:02.142,1781823362142,1872.0704,3.8,0,1,0
2026-06-18 17:56:02.182,1781823362182,1872.0704,4.3,0,1,0
2026-06-18 17:56:02.222,1781823362222,1872.0704,4.2,0,1,0
2026-06-18 17:56:02.262,1781823362262,1872.0704,4.3,0,1,0
2026-06-18 17:56:02.302,1781823362302,1672.1968,4.2,0,1,0
2026-06-18 17:56:02.342,1781823362342,1672.1968,4.1,0,1,0
2026-06-18 17:56:02.382,1781823362382,1672.1968,4.6,0,1,0
2026-06-18 17:56:02.422,1781823362422,1672.1968,4.2,0,1,0
2026-06-18 17:56:02.462,1781823362462,1672.1968,4.2,0,1,0
2026-06-18 17:56:02.502,1781823362502,1672.1968,4.2,0,1,0
2026-06-18 17:56:02.542,1781823362542,1672.1968,3.7,0,1,0
2026-06-18 17:56:02.582,1781823362582,1643.9738,4.1,0,1,0
2026-06-18 17:56:02.622,1781823362622,1643.9738,4.2,0,1,0
2026-06-18 17:56:02.662,1781823362662,1643.9738,4.2,0,1,0
2026-06-18 17:56:02.702,1781823362702,1643.9738,4.2,0,1,0
2026-06-18 17:56:02.742,1781823362742,1643.9738,4.0,0,1,0
2026-06-18 17:56:02.782,1781823362782,1643.9738,4.2,0,1,0
2026-06-18 17:56:02.822,1781823362822,1633.9934,4.1,0,1,0
2026-06-18 17:56:02.862,1781823362862,1633.9934,4.2,0,1,0
2026-06-18 17:56:02.902,1781823362902,1633.9934,4.2,0,1,0
2026-06-18 17:56:02.942,1781823362942,1633.9934,4.3,0,1,0
2026-06-18 17:56:02.982,1781823362982,1633.9934,3.7,0,1,0
2026-06-18 17:56:03.022,1781823363022,1633.9934,4.1,0,1,0
2026-06-18 17:56:03.062,1781823363062,1633.9934,4.1,0,1,0
2026-06-18 17:56:03.102,1781823363102,1670.2134,4.1,0,1,0
2026-06-18 17:56:03.142,1781823363142,1670.2134,4.2,0,1,0
2026-06-18 17:56:03.182,1781823363182,1670.2134,4.2,0,1,0
2026-06-18 17:56:03.222,1781823363222,1670.2134,4.2,0,1,0
2026-06-18 17:56:03.262,1781823363262,1670.2134,4.2,0,1,0
2026-06-18 17:56:03.302,1781823363302,1670.2134,4.3,0,1,0
2026-06-18 17:56:03.342,1781823363342,1654.2675,4.1,0,1,0
2026-06-18 17:56:03.382,1781823363382,1654.2675,3.7,0,1,0
2026-06-18 17:56:03.422,1781823363422,1654.2675,4.3,0,1,0
2026-06-18 17:56:03.462,1781823363462,1654.2675,4.3,0,1,0
2026-06-18 17:56:03.502,1781823363502,1654.2675,4.3,0,1,0
2026-06-18 17:56:03.542,1781823363543,1654.2675,4.1,0,1,0
2026-06-18 17:56:03.582,1781823363582,1654.2675,4.3,0,1,0
2026-06-18 17:56:03.622,1781823363622,1671.8258,4.2,0,1,0
2026-06-18 17:56:03.662,1781823363662,1671.8258,4.3,0,1,0
2026-06-18 17:56:03.703,1781823363703,1671.8258,4.2,0,1,0
2026-06-18 17:56:03.742,1781823363742,1671.8258,4.3,0,1,0
2026-06-18 17:56:03.782,1781823363782,1671.8258,4.3,0,1,0
2026-06-18 17:56:03.822,1781823363822,1671.8258,3.8,0,1,0
2026-06-18 17:56:03.862,1781823363862,1772.1670,4.2,0,1,0
2026-06-18 17:56:03.902,1781823363902,1772.1670,4.3,0,1,0
2026-06-18 17:56:03.942,1781823363942,1772.1670,4.3,0,1,0
2026-06-18 17:56:03.982,1781823363982,1772.1670,4.3,0,1,0
2026-06-18 17:56:04.022,1781823364022,1772.1670,4.3,0,1,0
2026-06-18 17:56:04.062,1781823364062,1772.1670,4.3,0,1,0
2026-06-18 17:56:04.102,1781823364102,1772.1670,4.3,0,1,0
2026-06-18 17:56:04.142,1781823364142,1820.8291,4.2,0,1,0
2026-06-18 17:56:04.182,1781823364183,1820.8291,4.2,0,1,0
2026-06-18 17:56:04.222,1781823364222,1820.8291,4.3,0,1,0
2026-06-18 17:56:04.262,1781823364262,1820.8291,4.2,0,1,0
2026-06-18 17:56:04.302,1781823364302,1820.8291,4.2,0,1,0
2026-06-18 17:56:04.342,1781823364342,1820.8291,3.9,0,1,0
2026-06-18 17:56:04.382,1781823364382,1803.3363,4.2,0,1,0
2026-06-18 17:56:04.422,1781823364422,1803.3363,4.6,0,1,0
2026-06-18 17:56:04.462,1781823364462,1803.3363,4.3,0,1,0
2026-06-18 17:56:04.502,1781823364502,1803.3363,4.3,0,1,0
2026-06-18 17:56:04.542,1781823364542,1803.3363,4.1,0,1,0
2026-06-18 17:56:04.582,1781823364582,1803.3363,4.3,0,1,0
2026-06-18 17:56:04.622,1781823364622,1803.3363,4.3,0,1,0
2026-06-18 17:56:04.662,1781823364662,1732.8577,4.2,0,1,0
2026-06-18 17:56:04.702,1781823364702,1732.8577,4.3,0,1,0
2026-06-18 17:56:04.742,1781823364742,1732.8577,4.2,0,1,0
2026-06-18 17:56:04.782,1781823364782,1732.8577,4.2,0,1,0
2026-06-18 17:56:04.822,1781823364822,1732.8577,4.2,0,1,0
2026-06-18 17:56:04.862,1781823364862,1732.8577,4.2,0,1,0
2026-06-18 17:56:04.902,1781823364902,1903.9893,4.1,0,1,0
2026-06-18 17:56:04.942,1781823364942,1903.9893,4.5,0,1,0
2026-06-18 17:56:04.982,1781823364982,1903.9893,4.2,0,1,0
2026-06-18 17:56:05.022,1781823365022,1903.9893,3.7,0,1,0
2026-06-18 17:56:05.062,1781823365062,1903.9893,4.1,0,1,0
2026-06-18 17:56:05.102,1781823365102,1903.9893,4.2,0,1,0
2026-06-18 17:56:05.142,1781823365142,1903.9893,4.3,0,1,0
2026-06-18 17:56:05.182,1781823365182,1746.1956,4.1,0,1,0
2026-06-18 17:56:05.222,1781823365222,1746.1956,4.2,0,1,0
2026-06-18 17:56:05.262,1781823365262,1746.1956,4.2,0,1,0
2026-06-18 17:56:05.302,1781823365302,1746.1956,4.2,0,1,0
2026-06-18 17:56:05.342,1781823365342,1746.1956,4.2,0,1,0
2026-06-18 17:56:05.382,1781823365382,1746.1956,4.1,0,1,0
2026-06-18 17:56:05.422,1781823365422,1784.9819,4.5,0,1,0
2026-06-18 17:56:05.462,1781823365462,1784.9819,4.5,0,1,0
2026-06-18 17:56:05.502,1781823365502,1784.9819,4.4,0,1,0
2026-06-18 17:56:05.542,1781823365542,1784.9819,4.4,0,1,0
2026-06-18 17:56:05.582,1781823365582,1784.9819,4.4,0,1,0
2026-06-18 17:56:05.622,1781823365622,1784.9819,4.5,0,1,0
2026-06-18 17:56:05.662,1781823365662,1784.9819,4.5,0,1,0
2026-06-18 17:56:05.702,1781823365702,1682.5746,4.4,0,1,0
2026-06-18 17:56:05.742,1781823365742,1682.5746,4.4,0,1,0
2026-06-18 17:56:05.782,1781823365782,1682.5746,4.4,0,1,0
2026-06-18 17:56:05.822,1781823365822,1682.5746,4.4,0,1,0
2026-06-18 17:56:05.862,1781823365863,1682.5746,4.4,0,1,0
2026-06-18 17:56:05.902,1781823365902,1682.5746,4.4,0,1,0
2026-06-18 17:56:05.942,1781823365942,1721.9781,4.4,0,1,0
2026-06-18 17:56:05.982,1781823365982,1721.9781,4.4,0,1,0
2026-06-18 17:56:06.022,1781823366022,1721.9781,4.1,0,1,0
2026-06-18 17:56:06.062,1781823366062,1721.9781,4.5,0,1,0
2026-06-18 17:56:06.102,1781823366102,1721.9781,4.2,0,1,0
2026-06-18 17:56:06.142,1781823366142,1721.9781,4.6,0,1,0
2026-06-18 17:56:06.182,1781823366183,1721.9781,4.1,0,1,0
2026-06-18 17:56:06.222,1781823366222,1765.5963,4.1,0,1,0
2026-06-18 17:56:06.262,1781823366262,1765.5963,4.2,0,1,0
2026-06-18 17:56:06.302,1781823366302,1765.5963,4.6,0,1,0
2026-06-18 17:56:06.342,1781823366342,1765.5963,4.2,0,1,0
2026-06-18 17:56:06.383,1781823366383,1765.5963,4.3,0,1,0
2026-06-18 17:56:06.422,1781823366422,1765.5963,4.6,0,1,0
2026-06-18 17:56:06.462,1781823366462,1809.7633,4.2,0,1,0
2026-06-18 17:56:06.502,1781823366502,1809.7633,4.6,0,1,0
2026-06-18 17:56:06.542,1781823366542,1809.7633,4.5,0,1,0
2026-06-18 17:56:06.582,1781823366582,1809.7633,4.2,0,1,0
2026-06-18 17:56:06.622,1781823366622,1809.7633,4.2,0,1,0
2026-06-18 17:56:06.662,1781823366662,1809.7633,4.2,0,1,0
2026-06-18 17:56:06.702,1781823366702,1809.7633,4.2,0,1,0
2026-06-18 17:56:06.742,1781823366742,1716.2517,3.7,0,1,0
2026-06-18 17:56:06.782,1781823366782,1716.2517,4.2,0,1,0
2026-06-18 17:56:06.822,1781823366822,1716.2517,4.1,0,1,0
2026-06-18 17:56:06.862,1781823366862,1716.2517,4.2,0,1,0
2026-06-18 17:56:06.903,1781823366903,1716.2517,4.2,0,1,0
2026-06-18 17:56:06.942,1781823366943,1716.2517,4.2,0,1,0
2026-06-18 17:56:06.982,1781823366983,1675.8186,4.6,0,0,0
2026-06-18 17:56:07.022,1781823367022,1675.8186,4.5,0,1,0
2026-06-18 17:56:07.062,1781823367062,1675.8186,3.7,0,1,0
2026-06-18 17:56:07.102,1781823367102,1675.8186,3.7,0,1,0
2026-06-18 17:56:07.142,1781823367142,1675.8186,3.7,0,1,0
2026-06-18 17:56:07.182,1781823367182,1675.8186,4.2,0,1,0
2026-06-18 17:56:07.222,1781823367222,1675.8186,4.2,0,1,0
2026-06-18 17:56:07.262,1781823367262,1703.1001,4.2,0,1,0
2026-06-18 17:56:07.302,1781823367303,1703.1001,4.1,0,0,0
2026-06-18 17:56:07.342,1781823367342,1703.1001,4.2,0,1,0
2026-06-18 17:56:07.383,1781823367383,1703.1001,3.7,0,1,0
2026-06-18 17:56:07.422,1781823367422,1703.1001,4.3,0,1,0
2026-06-18 17:56:07.463,1781823367463,1703.1001,3.7,0,1,0
2026-06-18 17:56:07.503,1781823367503,1759.4712,4.2,0,1,0
2026-06-18 17:56:07.542,1781823367542,1759.4712,4.2,0,0,0
2026-06-18 17:56:07.582,1781823367582,1759.4712,4.2,0,0,0
2026-06-18 17:56:07.622,1781823367622,1759.4712,3.9,0,1,0
2026-06-18 17:56:07.662,1781823367662,1759.4712,4.2,0,1,0
2026-06-18 17:56:07.702,1781823367703,1759.4712,4.2,0,0,0
2026-06-18 17:56:07.742,1781823367742,1759.4712,4.1,0,0,0
2026-06-18 17:56:07.782,1781823367782,1864.9468,4.2,0,0,0
2026-06-18 17:56:07.822,1781823367822,1864.9468,4.1,0,1,0
2026-06-18 17:56:07.862,1781823367862,1864.9468,4.6,0,1,0
2026-06-18 17:56:07.902,1781823367902,1864.9468,4.2,0,1,0
2026-06-18 17:56:07.942,1781823367942,1864.9468,4.3,0,1,0
2026-06-18 17:56:07.982,1781823367983,1864.9468,3.8,0,1,0
2026-06-18 17:56:08.022,1781823368022,2182.5466,4.3,0,0,0
2026-06-18 17:56:08.062,1781823368062,2182.5466,3.8,0,1,0
2026-06-18 17:56:08.102,1781823368102,2182.5466,3.9,0,1,0
2026-06-18 17:56:08.142,1781823368142,2182.5466,3.7,0,0,0
2026-06-18 17:56:08.182,1781823368183,2182.5466,4.3,0,0,0
2026-06-18 17:56:08.222,1781823368222,2182.5466,4.7,0,0,0
2026-06-18 17:56:08.262,1781823368262,2182.5466,4.3,0,1,0
2026-06-18 17:56:08.302,1781823368302,4083.2192,4.3,0,1,0
2026-06-18 17:56:08.342,1781823368342,4083.2192,4.6,0,1,0
2026-06-18 17:56:08.382,1781823368382,4083.2192,4.3,0,0,0
2026-06-18 17:56:08.422,1781823368422,4083.2192,4.3,0,0,0
2026-06-18 17:56:08.462,1781823368462,4083.2192,4.7,0,0,0
2026-06-18 17:56:08.502,1781823368502,4083.2192,4.2,0,0,0
2026-06-18 17:56:08.542,1781823368543,3587.1470,4.2,0,0,0
2026-06-18 17:56:08.582,1781823368583,3587.1470,4.2,0,1,0
2026-06-18 17:56:08.622,1781823368623,3587.1470,3.8,0,1,0
2026-06-18 17:56:08.662,1781823368663,3587.1470,3.8,0,1,0
2026-06-18 17:56:08.702,1781823368702,3587.1470,3.8,0,0,0
2026-06-18 17:56:08.742,1781823368742,3587.1470,4.3,0,1,0
2026-06-18 17:56:08.782,1781823368782,3587.1470,4.3,0,1,0
2026-06-18 17:56:08.822,1781823368822,1378.4316,4.7,0,1,0
2026-06-18 17:56:08.862,1781823368863,1378.4316,3.8,0,0,0
2026-06-18 17:56:08.902,1781823368902,1378.4316,4.3,0,0,0
2026-06-18 17:56:08.942,1781823368942,1378.4316,4.8,0,1,0
2026-06-18 17:56:08.982,1781823368982,1378.4316,4.4,0,0,0
2026-06-18 17:56:09.022,1781823369022,1378.4316,4.3,0,0,0
2026-06-18 17:56:09.062,1781823369062,1196.9156,4.3,0,0,0
2026-06-18 17:56:09.102,1781823369103,1196.9156,3.8,0,0,0
2026-06-18 17:56:09.142,1781823369142,1196.9156,3.7,0,0,0
2026-06-18 17:56:09.182,1781823369182,1196.9156,4.3,0,0,0
2026-06-18 17:56:09.222,1781823369222,1196.9156,3.9,0,0,0
2026-06-18 17:56:09.262,1781823369262,1196.9156,4.6,0,1,0
2026-06-18 17:56:09.302,1781823369303,1196.9156,4.7,0,0,0
2026-06-18 17:56:09.342,1781823369342,1155.3032,3.8,0,0,0
2026-06-18 17:56:09.382,1781823369382,1155.3032,4.3,0,1,0
2026-06-18 17:56:09.422,1781823369422,1155.3032,4.3,0,0,0
2026-06-18 17:56:09.462,1781823369463,1155.3032,4.3,0,0,0
2026-06-18 17:56:09.502,1781823369502,1155.3032,4.3,0,1,0
2026-06-18 17:56:09.542,1781823369542,1155.3032,3.9,0,0,0
2026-06-18 17:56:09.582,1781823369582,1097.0786,4.3,0,0,0
2026-06-18 17:56:09.623,1781823369623,1097.0786,4.1,0,0,0
2026-06-18 17:56:09.662,1781823369662,1097.0786,4.3,0,0,0
2026-06-18 17:56:09.702,1781823369702,1097.0786,4.2,0,0,0
2026-06-18 17:56:09.742,1781823369742,1097.0786,4.4,0,0,0
2026-06-18 17:56:09.782,1781823369782,1097.0786,4.2,0,0,0
2026-06-18 17:56:09.822,1781823369822,1097.0786,3.9,0,0,0
2026-06-18 17:56:09.862,1781823369862,1181.4941,3.8,0,0,0
2026-06-18 17:56:09.902,1781823369903,1181.4941,3.8,0,0,0
2026-06-18 17:56:09.942,1781823369942,1181.4941,4.7,0,0,0
2026-06-18 17:56:09.982,1781823369982,1181.4941,4.3,0,0,0
2026-06-18 17:56:10.022,1781823370022,1181.4941,4.3,0,0,0
2026-06-18 17:56:10.063,1781823370063,1181.4941,4.6,0,0,0
2026-06-18 17:56:10.102,1781823370102,1221.5421,3.8,0,0,0
2026-06-18 17:56:10.142,1781823370143,1221.5421,4.2,0,1,0
2026-06-18 17:56:10.182,1781823370182,1221.5421,4.7,0,0,0
2026-06-18 17:56:10.223,1781823370223,1221.5421,4.2,0,0,0
2026-06-18 17:56:10.263,1781823370263,1221.5421,4.3,0,0,0
2026-06-18 17:56:10.302,1781823370302,1221.5421,3.4,0,0,0
2026-06-18 17:56:10.342,1781823370342,1221.5421,4.3,0,0,0
2026-06-18 17:56:10.382,1781823370382,1223.4211,4.2,0,1,0
2026-06-18 17:56:10.422,1781823370422,1223.4211,4.1,0,0,0
2026-06-18 17:56:10.462,1781823370463,1223.4211,4.3,0,1,0
2026-06-18 17:56:10.502,1781823370503,1223.4211,3.4,0,0,0
2026-06-18 17:56:10.542,1781823370542,1223.4211,4.2,0,0,0
2026-06-18 17:56:10.582,1781823370582,1223.4211,3.4,0,0,0
2026-06-18 17:56:10.622,1781823370623,1301.2545,4.2,0,0,0
2026-06-18 17:56:10.663,1781823370663,1301.2545,4.1,0,1,0
2026-06-18 17:56:10.702,1781823370702,1301.2545,3.4,0,0,0
2026-06-18 17:56:10.742,1781823370742,1301.2545,4.2,0,0,0
2026-06-18 17:56:10.782,1781823370783,1301.2545,4.2,0,0,0
2026-06-18 17:56:10.822,1781823370822,1301.2545,4.2,0,0,0
2026-06-18 17:56:10.863,1781823370863,1301.2545,3.7,0,1,0
2026-06-18 17:56:10.903,1781823370903,1277.0519,4.1,0,0,0
2026-06-18 17:56:10.943,1781823370943,1277.0519,4.6,0,0,0
2026-06-18 17:56:10.982,1781823370983,1277.0519,4.3,0,0,0
2026-06-18 17:56:11.022,1781823371023,1277.0519,4.0,0,0,0
2026-06-18 17:56:11.062,1781823371062,1277.0519,4.3,0,0,0
2026-06-18 17:56:11.102,1781823371102,1277.0519,4.6,0,1,0
2026-06-18 17:56:11.142,1781823371142,1327.0735,4.2,0,0,0
2026-06-18 17:56:11.182,1781823371182,1327.0735,4.1,0,0,0
2026-06-18 17:56:11.222,1781823371222,1327.0735,4.0,0,0,0
2026-06-18 17:56:11.262,1781823371262,1327.0735,3.8,0,0,0
2026-06-18 17:56:11.302,1781823371302,1327.0735,4.6,0,0,0
2026-06-18 17:56:11.343,1781823371343,1327.0735,3.7,0,0,0
2026-06-18 17:56:11.383,1781823371383,1327.0735,3.8,0,1,0
2026-06-18 17:56:11.422,1781823371423,1213.6173,4.7,0,0,0
2026-06-18 17:56:11.462,1781823371463,1213.6173,4.2,0,0,0
2026-06-18 17:56:11.502,1781823371502,1213.6173,4.3,0,0,0
2026-06-18 17:56:11.542,1781823371542,1213.6173,3.8,0,0,0
2026-06-18 17:56:11.582,1781823371582,1213.6173,4.3,0,0,0
2026-06-18 17:56:11.622,1781823371622,1213.6173,4.3,0,0,0
2026-06-18 17:56:11.662,1781823371662,1232.1058,3.4,0,0,0
2026-06-18 17:56:11.702,1781823371702,1232.1058,4.3,0,0,0
2026-06-18 17:56:11.742,1781823371742,1232.1058,4.3,0,1,0
2026-06-18 17:56:11.782,1781823371783,1232.1058,4.3,0,0,0
2026-06-18 17:56:11.823,1781823371823,1232.1058,4.3,0,0,0
2026-06-18 17:56:11.862,1781823371863,1232.1058,4.3,0,0,0
2026-06-18 17:56:11.902,1781823371903,1232.1058,3.9,0,0,0
2026-06-18 17:56:11.942,1781823371942,1200.2483,3.9,0,0,0
2026-06-18 17:56:11.982,1781823371982,1200.2483,4.3,0,1,0
2026-06-18 17:56:12.022,1781823372022,1200.2483,3.8,0,0,0
2026-06-18 17:56:12.062,1781823372062,1200.2483,4.4,0,0,0
2026-06-18 17:56:12.102,1781823372102,1200.2483,4.4,0,0,0
2026-06-18 17:56:12.142,1781823372142,1200.2483,4.3,0,0,0
2026-06-18 17:56:12.182,1781823372182,1162.3114,5.2,0,1,0
2026-06-18 17:56:12.222,1781823372223,1162.3114,3.9,0,0,0
2026-06-18 17:56:12.263,1781823372263,1162.3114,4.8,0,0,0
2026-06-18 17:56:12.303,1781823372303,1162.3114,4.9,0,0,0
2026-06-18 17:56:12.342,1781823372343,1162.3114,5.2,0,0,0
2026-06-18 17:56:12.382,1781823372382,1162.3114,4.8,0,1,0
2026-06-18 17:56:12.423,1781823372423,1162.3114,4.9,0,1,0
2026-06-18 17:56:12.463,1781823372463,1135.8743,4.8,0,0,0
2026-06-18 17:56:12.503,1781823372503,1135.8743,4.8,0,0,0
2026-06-18 17:56:12.543,1781823372543,1135.8743,4.4,0,0,0
2026-06-18 17:56:12.583,1781823372583,1135.8743,4.8,0,0,0
2026-06-18 17:56:12.622,1781823372623,1135.8743,4.4,0,1,0
2026-06-18 17:56:12.662,1781823372662,1135.8743,5.2,0,0,0
2026-06-18 17:56:12.702,1781823372702,1116.7107,4.7,0,1,0
2026-06-18 17:56:12.742,1781823372742,1116.7107,4.7,0,0,0
2026-06-18 17:56:12.783,1781823372783,1116.7107,4.8,0,0,0
2026-06-18 17:56:12.822,1781823372822,1116.7107,4.4,0,0,0
2026-06-18 17:56:12.862,1781823372862,1116.7107,4.3,0,0,0
2026-06-18 17:56:12.902,1781823372902,1116.7107,4.3,0,0,0
2026-06-18 17:56:12.942,1781823372942,1116.7107,4.7,0,1,0
2026-06-18 17:56:12.982,1781823372982,1192.4662,4.3,0,0,0
2026-06-18 17:56:13.022,1781823373022,1192.4662,4.3,0,0,0
2026-06-18 17:56:13.062,1781823373063,1192.4662,4.9,0,1,0
2026-06-18 17:56:13.103,1781823373103,1192.4662,4.0,0,1,0
2026-06-18 17:56:13.142,1781823373142,1192.4662,4.3,0,1,0
2026-06-18 17:56:13.182,1781823373182,1192.4662,3.9,0,1,0
2026-06-18 17:56:13.222,1781823373222,1375.4053,4.3,0,0,0
2026-06-18 17:56:13.262,1781823373263,1375.4053,4.3,0,0,0
2026-06-18 17:56:13.302,1781823373302,1375.4053,4.7,0,1,0
2026-06-18 17:56:13.342,1781823373342,1375.4053,4.3,0,0,0
2026-06-18 17:56:13.382,1781823373383,1375.4053,4.8,0,0,0
2026-06-18 17:56:13.422,1781823373422,1375.4053,4.8,0,0,0
2026-06-18 17:56:13.462,1781823373462,1375.4053,4.0,0,1,0
2026-06-18 17:56:13.502,1781823373502,2033.2668,4.3,0,0,0
2026-06-18 17:56:13.543,1781823373543,2033.2668,4.3,0,0,0
2026-06-18 17:56:13.582,1781823373582,2033.2668,4.3,0,1,0
2026-06-18 17:56:13.622,1781823373623,2033.2668,4.3,0,0,0
2026-06-18 17:56:13.662,1781823373662,2033.2668,4.3,0,0,0
2026-06-18 17:56:13.702,1781823373703,2033.2668,4.4,0,0,0
2026-06-18 17:56:13.742,1781823373742,3168.7720,4.9,0,1,0
2026-06-18 17:56:13.782,1781823373782,3168.7720,5.2,0,0,0
2026-06-18 17:56:13.822,1781823373822,3168.7720,4.9,0,1,0
2026-06-18 17:56:13.862,1781823373863,3168.7720,5.3,0,0,0
2026-06-18 17:56:13.902,1781823373902,3168.7720,4.3,0,0,0
2026-06-18 17:56:13.942,1781823373942,3168.7720,4.8,0,1,0
2026-06-18 17:56:13.982,1781823373982,3168.7720,4.8,0,1,0
2026-06-18 17:56:14.022,1781823374022,2910.0774,4.4,0,1,0
2026-06-18 17:56:14.062,1781823374063,2910.0774,4.9,0,1,0
2026-06-18 17:56:14.102,1781823374103,2910.0774,4.4,0,1,0
2026-06-18 17:56:14.143,1781823374143,2910.0774,4.3,0,1,0
2026-06-18 17:56:14.183,1781823374183,2910.0774,4.3,0,1,0
2026-06-18 17:56:14.222,1781823374223,2910.0774,4.9,0,1,0
2026-06-18 17:56:14.263,1781823374263,1852.7185,4.8,0,1,0
2026-06-18 17:56:14.302,1781823374303,1852.7185,4.9,0,1,0
2026-06-18 17:56:14.342,1781823374342,1852.7185,4.8,0,1,0
2026-06-18 17:56:14.382,1781823374382,1852.7185,4.9,0,1,0
2026-06-18 17:56:14.422,1781823374422,1852.7185,5.3,0,1,0
2026-06-18 17:56:14.462,1781823374462,1852.7185,4.9,0,1,0
2026-06-18 17:56:14.502,1781823374503,1852.7185,4.9,0,1,0
2026-06-18 17:56:14.542,1781823374543,1830.8135,4.9,0,1,0
2026-06-18 17:56:14.582,1781823374583,1830.8135,4.9,0,1,0
2026-06-18 17:56:14.622,1781823374622,1830.8135,5.0,0,1,0
2026-06-18 17:56:14.663,1781823374663,1830.8135,5.4,0,1,0
2026-06-18 17:56:14.703,1781823374703,1830.8135,4.9,0,1,0
2026-06-18 17:56:14.742,1781823374742,1830.8135,4.8,0,1,0
2026-06-18 17:56:14.783,1781823374783,1842.8939,4.9,0,1,0
2026-06-18 17:56:14.822,1781823374822,1842.8939,4.5,0,1,0
2026-06-18 17:56:14.862,1781823374862,1842.8939,4.5,0,1,0
2026-06-18 17:56:14.903,1781823374903,1842.8939,4.6,0,1,0
2026-06-18 17:56:14.943,1781823374943,1842.8939,4.2,0,1,0
2026-06-18 17:56:14.982,1781823374982,1842.8939,4.2,0,1,0
2026-06-18 17:56:15.022,1781823375022,1842.8939,4.7,0,1,0
2026-06-18 17:56:15.063,1781823375063,2001.7903,5.0,0,1,0
2026-06-18 17:56:15.103,1781823375103,2001.7903,4.6,0,1,0
2026-06-18 17:56:15.143,1781823375143,2001.7903,4.5,0,1,0
2026-06-18 17:56:15.182,1781823375183,2001.7903,3.7,0,1,0
2026-06-18 17:56:15.223,1781823375223,2001.7903,4.6,0,1,0
2026-06-18 17:56:15.262,1781823375262,2001.7903,4.5,0,1,0
2026-06-18 17:56:15.302,1781823375302,1926.5326,4.1,0,1,0
2026-06-18 17:56:15.342,1781823375342,1926.5326,4.5,0,1,0
2026-06-18 17:56:15.382,1781823375382,1926.5326,4.2,0,1,0
2026-06-18 17:56:15.422,1781823375422,1926.5326,4.5,0,1,0
2026-06-18 17:56:15.463,1781823375463,1926.5326,4.2,0,1,0
2026-06-18 17:56:15.503,1781823375503,1926.5326,4.6,0,1,0
2026-06-18 17:56:15.542,1781823375542,1926.5326,4.2,0,1,0
2026-06-18 17:56:15.583,1781823375583,2010.1937,4.6,0,1,0
2026-06-18 17:56:15.623,1781823375623,2010.1937,4.5,0,1,0
2026-06-18 17:56:15.662,1781823375663,2010.1937,5.0,0,1,0
2026-06-18 17:56:15.703,1781823375703,2010.1937,5.0,0,1,0
2026-06-18 17:56:15.743,1781823375743,2010.1937,4.9,0,1,0
2026-06-18 17:56:15.782,1781823375782,2010.1937,5.1,0,1,0
2026-06-18 17:56:15.822,1781823375822,1980.0962,4.6,0,1,0
2026-06-18 17:56:15.863,1781823375863,1980.0962,4.5,0,1,0
2026-06-18 17:56:15.902,1781823375902,1980.0962,4.3,0,1,0
2026-06-18 17:56:15.942,1781823375942,1980.0962,4.5,0,1,0
2026-06-18 17:56:15.982,1781823375983,1980.0962,4.6,0,1,0
2026-06-18 17:56:16.022,1781823376023,1980.0962,4.5,0,1,0
2026-06-18 17:56:16.063,1781823376063,1980.0962,4.5,0,1,0
2026-06-18 17:56:16.103,1781823376103,2092.4502,4.5,0,1,0
2026-06-18 17:56:16.143,1781823376143,2092.4502,4.6,0,1,0
2026-06-18 17:56:16.183,1781823376183,2092.4502,4.7,0,1,0
2026-06-18 17:56:16.223,1781823376223,2092.4502,4.5,0,1,0
2026-06-18 17:56:16.262,1781823376262,2092.4502,4.6,0,1,0
2026-06-18 17:56:16.302,1781823376303,2092.4502,5.1,0,1,0
2026-06-18 17:56:16.342,1781823376342,1871.2178,4.5,0,1,0
2026-06-18 17:56:16.383,1781823376383,1871.2178,4.6,0,1,0
2026-06-18 17:56:16.422,1781823376422,1871.2178,4.5,0,1,0
2026-06-18 17:56:16.462,1781823376463,1871.2178,4.6,0,1,0
2026-06-18 17:56:16.503,1781823376503,1871.2178,4.6,0,1,0
2026-06-18 17:56:16.543,1781823376543,1871.2178,4.5,0,1,0
2026-06-18 17:56:16.583,1781823376583,1871.2178,4.2,0,1,0
2026-06-18 17:56:16.623,1781823376623,2046.0422,4.6,0,1,0
2026-06-18 17:56:16.662,1781823376663,2046.0422,4.6,0,1,0
2026-06-18 17:56:16.702,1781823376702,2046.0422,4.2,0,1,0
2026-06-18 17:56:16.742,1781823376743,2046.0422,4.6,0,1,0
2026-06-18 17:56:16.782,1781823376783,2046.0422,4.3,0,1,0
2026-06-18 17:56:16.822,1781823376823,2046.0422,4.6,0,1,0
2026-06-18 17:56:16.863,1781823376863,1995.1632,4.6,0,1,0
2026-06-18 17:56:16.903,1781823376903,1995.1632,4.6,0,1,0
2026-06-18 17:56:16.943,1781823376943,1995.1632,4.6,0,1,0
2026-06-18 17:56:16.983,1781823376983,1995.1632,4.6,0,1,0
2026-06-18 17:56:17.023,1781823377023,1995.1632,3.8,0,1,0
2026-06-18 17:56:17.062,1781823377062,1995.1632,4.3,0,1,0
2026-06-18 17:56:17.103,1781823377103,1995.1632,4.6,0,1,0
2026-06-18 17:56:17.142,1781823377143,1971.5427,4.6,0,1,0
2026-06-18 17:56:17.182,1781823377182,1971.5427,4.6,0,1,0
2026-06-18 17:56:17.222,1781823377222,1971.5427,5.1,0,1,0
2026-06-18 17:56:17.263,1781823377263,1971.5427,4.6,0,1,0
2026-06-18 17:56:17.302,1781823377302,1971.5427,4.5,0,1,0
2026-06-18 17:56:17.343,1781823377343,1971.5427,4.5,0,1,0
2026-06-18 17:56:17.383,1781823377383,2016.6548,4.9,0,1,0
2026-06-18 17:56:17.423,1781823377423,2016.6548,5.0,0,1,0
2026-06-18 17:56:17.463,1781823377463,2016.6548,5.0,0,1,0
2026-06-18 17:56:17.503,1781823377503,2016.6548,5.0,0,1,0
2026-06-18 17:56:17.543,1781823377543,2016.6548,5.0,0,1,0
2026-06-18 17:56:17.583,1781823377583,2016.6548,4.5,0,1,0
2026-06-18 17:56:17.622,1781823377623,2016.6548,5.0,0,1,0
2026-06-18 17:56:17.663,1781823377663,1836.1295,4.5,0,1,0
2026-06-18 17:56:17.702,1781823377702,1836.1295,5.0,0,1,0
2026-06-18 17:56:17.742,1781823377742,1836.1295,4.5,0,1,0
2026-06-18 17:56:17.783,1781823377783,1836.1295,4.5,0,1,0
2026-06-18 17:56:17.823,1781823377823,1836.1295,4.2,0,1,0
2026-06-18 17:56:17.863,1781823377863,1836.1295,4.6,0,1,0
2026-06-18 17:56:17.903,1781823377903,1973.8652,4.2,0,1,0
2026-06-18 17:56:17.942,1781823377943,1973.8652,4.6,0,1,0
2026-06-18 17:56:17.983,1781823377983,1973.8652,5.0,0,1,0
2026-06-18 17:56:18.022,1781823378023,1973.8652,4.6,0,1,0
2026-06-18 17:56:18.062,1781823378062,1973.8652,4.6,0,1,0
2026-06-18 17:56:18.102,1781823378102,1973.8652,4.6,0,1,0
2026-06-18 17:56:18.143,1781823378143,1973.8652,5.2,0,1,0
2026-06-18 17:56:18.183,1781823378183,1975.7085,5.2,0,1,0
2026-06-18 17:56:18.222,1781823378223,1975.7085,5.2,0,1,0
2026-06-18 17:56:18.263,1781823378263,1975.7085,5.8,0,1,0
2026-06-18 17:56:18.303,1781823378303,1975.7085,5.3,0,1,0
2026-06-18 17:56:18.343,1781823378343,1975.7085,5.4,0,1,0
2026-06-18 17:56:18.382,1781823378383,1975.7085,5.3,0,1,0
2026-06-18 17:56:18.423,1781823378423,2674.5088,5.4,0,1,0
2026-06-18 17:56:18.463,1781823378463,2674.5088,5.0,0,1,0
2026-06-18 17:56:18.502,1781823378502,2674.5088,5.0,0,1,0
2026-06-18 17:56:18.542,1781823378542,2674.5088,5.1,0,1,0
2026-06-18 17:56:18.582,1781823378582,2674.5088,5.4,0,1,0
2026-06-18 17:56:18.622,1781823378622,2674.5088,5.1,0,1,0
2026-06-18 17:56:18.662,1781823378663,2674.5088,4.9,0,1,0
2026-06-18 17:56:18.702,1781823378702,4864.2373,5.0,0,1,0
2026-06-18 17:56:18.742,1781823378743,4864.2373,5.1,0,1,0
2026-06-18 17:56:18.783,1781823378783,4864.2373,5.0,0,1,0
2026-06-18 17:56:18.822,1781823378823,4864.2373,5.0,0,1,0
2026-06-18 17:56:18.863,1781823378863,4864.2373,5.0,0,1,0
2026-06-18 17:56:18.903,1781823378903,4864.2373,5.0,0,1,0
2026-06-18 17:56:18.943,1781823378943,1448.2732,5.0,0,1,0
2026-06-18 17:56:18.983,1781823378983,1448.2732,5.0,0,1,0
2026-06-18 17:56:19.022,1781823379023,1448.2732,5.0,0,1,0
2026-06-18 17:56:19.063,1781823379063,1448.2732,5.1,0,0,0
2026-06-18 17:56:19.103,1781823379103,1448.2732,4.9,0,1,0
2026-06-18 17:56:19.143,1781823379143,1448.2732,4.6,0,1,0
2026-06-18 17:56:19.183,1781823379183,1448.2732,4.9,0,1,0
2026-06-18 17:56:19.223,1781823379223,2118.4531,5.5,0,1,0
2026-06-18 17:56:19.263,1781823379263,2118.4531,5.0,0,1,0
2026-06-18 17:56:19.303,1781823379303,2118.4531,5.0,0,1,0
2026-06-18 17:56:19.342,1781823379343,2118.4531,5.4,0,1,0
2026-06-18 17:56:19.382,1781823379383,2118.4531,5.0,0,1,1
2026-06-18 17:56:19.422,1781823379423,2118.4531,5.0,0,0,0
2026-06-18 17:56:19.463,1781823379463,2269.5833,5.0,0,0,0
2026-06-18 17:56:19.503,1781823379503,2269.5833,5.4,0,1,0
2026-06-18 17:56:19.543,1781823379543,2269.5833,5.4,0,1,0
2026-06-18 17:56:19.583,1781823379583,2269.5833,5.0,0,1,0
2026-06-18 17:56:19.623,1781823379623,2269.5833,5.3,0,1,0
2026-06-18 17:56:19.663,1781823379663,2269.5833,5.4,0,1,0
2026-06-18 17:56:19.703,1781823379703,2269.5833,5.3,0,1,0
2026-06-18 17:56:19.743,1781823379743,2003.9065,5.3,0,1,0
2026-06-18 17:56:19.783,1781823379783,2003.9065,5.8,0,1,0
2026-06-18 17:56:19.823,1781823379823,2003.9065,5.2,0,1,0
2026-06-18 17:56:19.863,1781823379863,2003.9065,5.2,0,1,0
2026-06-18 17:56:19.903,1781823379903,2003.9065,5.2,0,1,0
2026-06-18 17:56:19.943,1781823379943,2003.9065,5.2,0,1,0
2026-06-18 17:56:19.983,1781823379983,1133.4629,5.1,0,1,0
2026-06-18 17:56:20.023,1781823380023,1133.4629,5.2,0,1,0
2026-06-18 17:56:20.063,1781823380063,1133.4629,4.7,0,1,0
2026-06-18 17:56:20.103,1781823380103,1133.4629,5.3,0,1,0
2026-06-18 17:56:20.143,1781823380143,1133.4629,5.3,0,1,0
2026-06-18 17:56:20.183,1781823380183,1133.4629,5.8,0,1,0
2026-06-18 17:56:20.223,1781823380223,1133.4629,5.3,0,1,0
2026-06-18 17:56:20.262,1781823380263,891.8990,5.3,0,1,1
2026-06-18 17:56:20.302,1781823380302,891.8990,5.4,0,1,0
2026-06-18 17:56:20.342,1781823380342,891.8990,5.7,0,1,0
2026-06-18 17:56:20.382,1781823380382,891.8990,5.3,0,1,0
2026-06-18 17:56:20.422,1781823380422,891.8990,5.3,0,1,0
2026-06-18 17:56:20.462,1781823380462,891.8990,5.4,0,1,0
2026-06-18 17:56:20.502,1781823380503,733.9709,5.0,0,1,0
2026-06-18 17:56:20.542,1781823380542,733.9709,5.3,0,1,0
2026-06-18 17:56:20.582,1781823380582,733.9709,5.3,0,1,0
2026-06-18 17:56:20.622,1781823380622,733.9709,5.3,0,1,0
2026-06-18 17:56:20.663,1781823380663,733.9709,5.7,0,1,0
2026-06-18 17:56:20.702,1781823380702,733.9709,5.3,0,1,0
2026-06-18 17:56:20.742,1781823380742,733.9709,5.2,0,1,0
2026-06-18 17:56:20.782,1781823380783,716.9488,5.3,0,1,0
2026-06-18 17:56:20.822,1781823380823,716.9488,5.3,0,1,0
2026-06-18 17:56:20.863,1781823380863,716.9488,5.3,0,1,0
2026-06-18 17:56:20.903,1781823380903,716.9488,5.3,0,1,0
2026-06-18 17:56:20.943,1781823380943,716.9488,5.4,0,1,0
2026-06-18 17:56:20.982,1781823380983,716.9488,5.1,0,1,0
2026-06-18 17:56:21.023,1781823381023,683.6418,5.0,0,1,0
2026-06-18 17:56:21.063,1781823381063,683.6418,5.0,0,1,0
2026-06-18 17:56:21.103,1781823381103,683.6418,5.0,0,1,0
2026-06-18 17:56:21.143,1781823381143,683.6418,5.1,0,1,0
2026-06-18 17:56:21.183,1781823381183,683.6418,5.0,0,1,0
2026-06-18 17:56:21.222,1781823381223,683.6418,5.1,0,1,0
2026-06-18 17:56:21.262,1781823381263,683.6418,5.1,0,1,0
2026-06-18 17:56:21.302,1781823381303,708.7621,5.0,0,1,0
2026-06-18 17:56:21.342,1781823381343,708.7621,5.1,0,1,0
2026-06-18 17:56:21.382,1781823381383,708.7621,5.1,0,1,0
2026-06-18 17:56:21.422,1781823381422,708.7621,5.0,0,1,0
2026-06-18 17:56:21.462,1781823381462,708.7621,5.4,0,1,0
2026-06-18 17:56:21.502,1781823381503,708.7621,5.4,0,1,0
2026-06-18 17:56:21.542,1781823381543,669.6059,5.4,0,1,0
2026-06-18 17:56:21.583,1781823381583,669.6059,5.3,0,1,0
2026-06-18 17:56:21.623,1781823381623,669.6059,5.3,0,1,0
2026-06-18 17:56:21.662,1781823381662,669.6059,5.3,0,1,0
2026-06-18 17:56:21.702,1781823381703,669.6059,5.2,0,1,0
2026-06-18 17:56:21.742,1781823381743,669.6059,5.2,0,1,0
2026-06-18 17:56:21.782,1781823381783,669.6059,5.2,0,1,0
2026-06-18 17:56:21.822,1781823381823,711.9849,5.1,0,1,0
2026-06-18 17:56:21.862,1781823381863,711.9849,4.6,0,1,0
2026-06-18 17:56:21.902,1781823381903,711.9849,4.7,0,1,0
2026-06-18 17:56:21.942,1781823381943,711.9849,4.7,0,1,0
2026-06-18 17:56:21.982,1781823381983,711.9849,5.2,0,1,0
2026-06-18 17:56:22.022,1781823382022,711.9849,4.7,0,1,0
2026-06-18 17:56:22.063,1781823382063,728.8774,5.2,0,1,0
2026-06-18 17:56:22.103,1781823382103,728.8774,5.2,0,1,0
2026-06-18 17:56:22.143,1781823382143,728.8774,5.2,0,1,0
2026-06-18 17:56:22.182,1781823382183,728.8774,5.2,0,1,0
2026-06-18 17:56:22.222,1781823382222,728.8774,4.7,0,1,0
2026-06-18 17:56:22.263,1781823382263,728.8774,5.2,0,1,0
2026-06-18 17:56:22.303,1781823382303,728.8774,5.1,0,1,0
2026-06-18 17:56:22.343,1781823382343,714.2662,5.2,0,1,0
2026-06-18 17:56:22.383,1781823382383,714.2662,5.2,0,1,0
2026-06-18 17:56:22.423,1781823382423,714.2662,5.2,0,1,0
2026-06-18 17:56:22.463,1781823382463,714.2662,5.2,0,1,0
2026-06-18 17:56:22.502,1781823382502,714.2662,4.7,0,1,0
2026-06-18 17:56:22.543,1781823382543,714.2662,5.2,0,1,0
2026-06-18 17:56:22.582,1781823382583,692.1521,5.1,0,1,1
2026-06-18 17:56:22.623,1781823382623,692.1521,5.2,0,1,0
2026-06-18 17:56:22.662,1781823382662,692.1521,5.2,0,1,0
2026-06-18 17:56:22.703,1781823382703,692.1521,5.3,0,1,0
2026-06-18 17:56:22.742,1781823382743,692.1521,5.2,0,1,0
2026-06-18 17:56:22.782,1781823382783,692.1521,5.2,0,1,0
2026-06-18 17:56:22.823,1781823382823,692.1521,5.2,0,1,0
2026-06-18 17:56:22.863,1781823382863,715.0695,5.2,0,1,0
2026-06-18 17:56:22.902,1781823382903,715.0695,5.2,0,1,0
2026-06-18 17:56:22.943,1781823382943,715.0695,5.2,0,1,0
2026-06-18 17:56:22.982,1781823382983,715.0695,5.3,0,1,0
2026-06-18 17:56:23.023,1781823383023,715.0695,5.2,0,1,0
2026-06-18 17:56:23.063,1781823383063,715.0695,5.2,0,1,0
2026-06-18 17:56:23.103,1781823383103,730.3787,5.2,0,1,0
2026-06-18 17:56:23.143,1781823383143,730.3787,5.3,0,1,0
2026-06-18 17:56:23.183,1781823383183,730.3787,5.1,0,1,0
2026-06-18 17:56:23.222,1781823383223,730.3787,5.3,0,1,0
2026-06-18 17:56:23.262,1781823383262,730.3787,5.1,0,1,0
2026-06-18 17:56:23.302,1781823383302,730.3787,5.2,0,1,0
2026-06-18 17:56:23.342,1781823383343,730.3787,5.2,0,1,0
2026-06-18 17:56:23.382,1781823383382,693.4616,4.7,0,1,0
2026-06-18 17:56:23.422,1781823383423,693.4616,5.2,0,1,0
2026-06-18 17:56:23.462,1781823383462,693.4616,5.2,0,1,0
2026-06-18 17:56:23.503,1781823383503,693.4616,5.2,0,1,0
2026-06-18 17:56:23.542,1781823383543,693.4616,5.2,0,1,0
2026-06-18 17:56:23.582,1781823383583,693.4616,5.2,0,1,0
2026-06-18 17:56:23.622,1781823383623,526.3086,5.2,0,0,0
2026-06-18 17:56:23.662,1781823383662,526.3086,5.1,0,1,0
2026-06-18 17:56:23.702,1781823383702,526.3086,5.2,0,0,0
2026-06-18 17:56:23.742,1781823383743,526.3086,5.2,0,1,0
2026-06-18 17:56:23.783,1781823383783,526.3086,5.2,0,0,0
2026-06-18 17:56:23.822,1781823383823,526.3086,5.2,0,0,0
2026-06-18 17:56:23.862,1781823383863,526.3086,5.3,0,0,0
2026-06-18 17:56:23.902,1781823383903,393.8083,5.2,0,0,0
2026-06-18 17:56:23.943,1781823383943,393.8083,5.2,0,0,0
2026-06-18 17:56:23.983,1781823383983,393.8083,5.2,0,0,0
2026-06-18 17:56:24.022,1781823384022,393.8083,5.3,0,0,0
2026-06-18 17:56:24.062,1781823384063,393.8083,5.3,0,0,0
2026-06-18 17:56:24.103,1781823384103,393.8083,5.3,0,0,0
2026-06-18 17:56:24.143,1781823384143,264.4794,5.3,0,0,0
2026-06-18 17:56:24.183,1781823384183,264.4794,5.3,0,0,0
2026-06-18 17:56:24.223,1781823384223,264.4794,5.3,0,0,0
2026-06-18 17:56:24.263,1781823384263,264.4794,5.3,0,0,0
2026-06-18 17:56:24.303,1781823384303,264.4794,5.4,0,0,0
2026-06-18 17:56:24.342,1781823384342,264.4794,5.3,0,0,0
2026-06-18 17:56:24.382,1781823384382,264.4794,5.3,0,0,0
2026-06-18 17:56:24.422,1781823384422,192.0986,5.3,0,0,0
2026-06-18 17:56:24.462,1781823384463,192.0986,5.3,0,0,0
2026-06-18 17:56:24.502,1781823384503,192.0986,5.3,0,0,0
2026-06-18 17:56:24.543,1781823384543,192.0986,5.3,0,0,0
2026-06-18 17:56:24.583,1781823384583,192.0986,5.3,0,0,0
2026-06-18 17:56:24.622,1781823384623,192.0986,5.3,0,0,0
2026-06-18 17:56:24.663,1781823384663,158.8526,5.3,0,0,0
2026-06-18 17:56:24.702,1781823384702,158.8526,5.3,0,0,0
2026-06-18 17:56:24.742,1781823384742,158.8526,5.3,0,0,0
2026-06-18 17:56:24.782,1781823384782,158.8526,5.3,0,0,0
2026-06-18 17:56:24.823,1781823384823,158.8526,5.3,0,0,0
2026-06-18 17:56:24.863,1781823384863,158.8526,5.3,0,0,0
2026-06-18 17:56:24.903,1781823384903,158.8526,5.3,0,0,0
2026-06-18 17:56:24.943,1781823384943,124.1483,5.3,0,0,0
2026-06-18 17:56:24.983,1781823384983,124.1483,5.3,0,0,0
2026-06-18 17:56:25.022,1781823385023,124.1483,5.3,0,0,0
2026-06-18 17:56:25.063,1781823385063,124.1483,5.3,0,0,0
2026-06-18 17:56:25.103,1781823385103,124.1483,5.3,0,0,0
2026-06-18 17:56:25.143,1781823385143,124.1483,5.3,0,0,0
2026-06-18 17:56:25.183,1781823385183,120.4550,5.3,0,0,0
2026-06-18 17:56:25.223,1781823385223,120.4550,5.3,0,0,0
2026-06-18 17:56:25.263,1781823385263,120.4550,5.3,0,0,0
2026-06-18 17:56:25.303,1781823385303,120.4550,5.3,0,0,0
2026-06-18 17:56:25.343,1781823385343,120.4550,5.4,0,0,0
2026-06-18 17:56:25.383,1781823385383,120.4550,5.3,0,0,0
2026-06-18 17:56:25.422,1781823385423,120.4550,5.3,0,0,0
2026-06-18 17:56:25.463,1781823385463,128.6455,5.3,0,0,0
2026-06-18 17:56:25.503,1781823385503,128.6455,5.3,0,0,0
2026-06-18 17:56:25.543,1781823385543,128.6455,5.3,0,0,0
2026-06-18 17:56:25.583,1781823385583,128.6455,5.3,0,0,0
2026-06-18 17:56:25.623,1781823385623,128.6455,5.3,0,0,0
2026-06-18 17:56:25.662,1781823385663,128.6455,5.3,0,0,0
2026-06-18 17:56:25.703,1781823385703,124.8603,5.3,0,0,0
2026-06-18 17:56:25.743,1781823385743,124.8603,5.3,0,0,0
2026-06-18 17:56:25.783,1781823385783,124.8603,5.3,0,0,0
2026-06-18 17:56:25.823,1781823385823,124.8603,5.3,0,0,0
2026-06-18 17:56:25.862,1781823385863,124.8603,5.3,0,0,0
2026-06-18 17:56:25.903,1781823385903,124.8603,5.3,0,0,0
2026-06-18 17:56:25.943,1781823385943,124.8603,5.3,0,0,0
2026-06-18 17:56:25.982,1781823385983,125.4313,5.3,0,0,0
2026-06-18 17:56:26.023,1781823386023,125.4313,5.3,0,0,0
2026-06-18 17:56:26.063,1781823386063,125.4313,5.3,0,0,0
2026-06-18 17:56:26.103,1781823386103,125.4313,5.3,0,0,0
2026-06-18 17:56:26.143,1781823386143,125.4313,5.3,0,0,0
2026-06-18 17:56:26.183,1781823386183,125.4313,5.3,0,0,0
2026-06-18 17:56:26.223,1781823386223,132.2498,5.3,0,0,0
2026-06-18 17:56:26.263,1781823386263,132.2498,5.3,0,0,0
2026-06-18 17:56:26.303,1781823386303,132.2498,5.3,0,0,0
2026-06-18 17:56:26.343,1781823386343,132.2498,5.3,0,0,0
2026-06-18 17:56:26.383,1781823386383,132.2498,5.3,0,0,0
2026-06-18 17:56:26.422,1781823386422,132.2498,5.3,0,0,0
2026-06-18 17:56:26.463,1781823386463,132.2498,5.3,0,0,0
2026-06-18 17:56:26.503,1781823386503,125.7246,5.3,0,0,0
2026-06-18 17:56:26.542,1781823386543,125.7246,5.3,0,0,0
2026-06-18 17:56:26.582,1781823386583,125.7246,5.3,0,0,0
2026-06-18 17:56:26.623,1781823386623,125.7246,5.3,0,0,0
2026-06-18 17:56:26.663,1781823386663,125.7246,5.3,0,0,0
2026-06-18 17:56:26.703,1781823386703,125.7246,5.3,0,0,0
2026-06-18 17:56:26.743,1781823386743,125.5970,5.3,0,0,0
2026-06-18 17:56:26.782,1781823386783,125.5970,5.3,0,0,0
2026-06-18 17:56:26.823,1781823386823,125.5970,5.4,0,0,0
2026-06-18 17:56:26.863,1781823386863,125.5970,5.3,0,0,0
2026-06-18 17:56:26.902,1781823386903,125.5970,5.3,0,0,0
2026-06-18 17:56:26.943,1781823386943,125.5970,5.3,0,0,0
2026-06-18 17:56:26.983,1781823386983,125.5970,5.3,0,0,0
2026-06-18 17:56:27.023,1781823387023,117.9824,5.3,0,0,0
2026-06-18 17:56:27.063,1781823387063,117.9824,5.3,0,0,0
2026-06-18 17:56:27.103,1781823387103,117.9824,5.3,0,0,0
2026-06-18 17:56:27.143,1781823387143,117.9824,5.4,0,0,0
2026-06-18 17:56:27.183,1781823387183,117.9824,5.4,0,0,0
2026-06-18 17:56:27.223,1781823387223,117.9824,5.3,0,0,0
2026-06-18 17:56:27.263,1781823387263,129.6395,5.3,0,0,0
2026-06-18 17:56:27.303,1781823387303,129.6395,5.3,0,0,0
2026-06-18 17:56:27.343,1781823387343,129.6395,5.3,0,0,0
2026-06-18 17:56:27.383,1781823387383,129.6395,5.3,0,0,0
2026-06-18 17:56:27.423,1781823387423,129.6395,5.3,0,0,0
2026-06-18 17:56:27.463,1781823387463,129.6395,5.3,0,0,0
2026-06-18 17:56:27.503,1781823387503,129.6395,5.3,0,0,0
2026-06-18 17:56:27.543,1781823387543,124.6170,5.3,0,0,0
2026-06-18 17:56:27.583,1781823387583,124.6170,5.3,0,0,0
2026-06-18 17:56:27.623,1781823387623,124.6170,5.3,0,0,0
2026-06-18 17:56:27.663,1781823387663,124.6170,5.3,0,0,0
2026-06-18 17:56:27.703,1781823387703,124.6170,5.3,0,0,0
2026-06-18 17:56:27.742,1781823387742,124.6170,5.3,0,0,0
2026-06-18 17:56:27.783,1781823387783,126.2475,5.3,0,0,0
2026-06-18 17:56:27.823,1781823387823,126.2475,5.3,0,0,0
2026-06-18 17:56:27.863,1781823387863,126.2475,5.3,0,0,0
2026-06-18 17:56:27.903,1781823387903,126.2475,5.3,0,0,0
2026-06-18 17:56:27.943,1781823387943,126.2475,5.4,0,0,0
2026-06-18 17:56:27.983,1781823387983,126.2475,5.3,0,0,0
2026-06-18 17:56:28.023,1781823388023,126.2475,5.3,0,0,0
2026-06-18 17:56:28.063,1781823388063,124.3023,5.3,0,0,0
2026-06-18 17:56:28.103,1781823388103,124.3023,5.3,0,0,0
2026-06-18 17:56:28.143,1781823388143,124.3023,5.4,0,0,0
2026-06-18 17:56:28.183,1781823388183,124.3023,5.3,0,0,0
2026-06-18 17:56:28.222,1781823388222,124.3023,5.3,0,0,0
2026-06-18 17:56:28.263,1781823388263,124.3023,5.3,0,0,0
2026-06-18 17:56:28.303,1781823388303,129.1207,5.3,0,0,0
2026-06-18 17:56:28.343,1781823388343,129.1207,5.2,0,0,0
2026-06-18 17:56:28.383,1781823388383,129.1207,5.3,0,0,0
2026-06-18 17:56:28.423,1781823388423,129.1207,5.3,0,0,0
2026-06-18 17:56:28.463,1781823388463,129.1207,5.3,0,0,0
2026-06-18 17:56:28.503,1781823388503,129.1207,5.3,0,0,0
2026-06-18 17:56:28.543,1781823388543,129.1207,5.3,0,0,0
2026-06-18 17:56:28.583,1781823388583,129.1440,5.3,0,0,0
2026-06-18 17:56:28.623,1781823388623,129.1440,5.3,0,0,0
2026-06-18 17:56:28.663,1781823388663,129.1440,5.4,0,0,0
2026-06-18 17:56:28.703,1781823388703,129.1440,5.3,0,0,0
2026-06-18 17:56:28.743,1781823388743,129.1440,5.3,0,0,0
2026-06-18 17:56:28.783,1781823388783,129.1440,5.3,0,0,0
2026-06-18 17:56:28.823,1781823388823,124.4933,5.3,0,0,0
2026-06-18 17:56:28.863,1781823388863,124.4933,5.3,0,0,0
2026-06-18 17:56:28.903,1781823388903,124.4933,5.3,0,0,0
2026-06-18 17:56:28.943,1781823388943,124.4933,5.3,0,0,0
2026-06-18 17:56:28.983,1781823388983,124.4933,5.3,0,0,0
2026-06-18 17:56:29.023,1781823389023,124.4933,5.3,0,0,0
2026-06-18 17:56:29.063,1781823389063,124.4933,5.3,0,0,0
2026-06-18 17:56:29.103,1781823389103,129.2063,5.3,0,0,0
2026-06-18 17:56:29.143,1781823389143,129.2063,5.3,0,0,0
2026-06-18 17:56:29.183,1781823389183,129.2063,5.3,0,0,0
2026-06-18 17:56:29.223,1781823389223,129.2063,5.3,0,0,0
2026-06-18 17:56:29.263,1781823389263,129.2063,5.4,0,0,0
2026-06-18 17:56:29.303,1781823389303,129.2063,5.3,0,0,0
2026-06-18 17:56:29.343,1781823389343,122.2513,5.3,0,0,0
2026-06-18 17:56:29.383,1781823389383,122.2513,5.3,0,0,0
2026-06-18 17:56:29.423,1781823389423,122.2513,5.3,0,0,0
2026-06-18 17:56:29.463,1781823389463,122.2513,5.3,0,0,0
2026-06-18 17:56:29.502,1781823389503,122.2513,5.3,0,0,0
2026-06-18 17:56:29.542,1781823389543,122.2513,5.3,0,0,0
2026-06-18 17:56:29.583,1781823389583,122.2513,5.3,0,0,0
2026-06-18 17:56:29.623,1781823389623,119.8977,5.3,0,0,0
2026-06-18 17:56:29.663,1781823389663,119.8977,5.3,0,0,0
2026-06-18 17:56:29.703,1781823389703,119.8977,5.3,0,0,0
2026-06-18 17:56:29.743,1781823389743,119.8977,5.3,0,0,0
2026-06-18 17:56:29.783,1781823389783,119.8977,5.3,0,0,0
2026-06-18 17:56:29.823,1781823389823,119.8977,5.3,0,0,0
2026-06-18 17:56:29.863,1781823389863,135.6217,5.3,0,0,0
2026-06-18 17:56:29.903,1781823389903,135.6217,5.4,0,0,0
2026-06-18 17:56:29.943,1781823389943,135.6217,5.3,0,0,0
2026-06-18 17:56:29.983,1781823389983,135.6217,5.3,0,0,0
2026-06-18 17:56:30.023,1781823390023,135.6217,5.3,0,0,0
2026-06-18 17:56:30.063,1781823390063,135.6217,5.3,0,0,0
2026-06-18 17:56:30.103,1781823390103,135.6217,5.3,0,0,0
2026-06-18 17:56:30.143,1781823390143,133.4584,5.3,0,0,0
2026-06-18 17:56:30.183,1781823390183,133.4584,5.3,0,0,0
2026-06-18 17:56:30.223,1781823390223,133.4584,5.3,0,0,0
2026-06-18 17:56:30.262,1781823390262,133.4584,5.3,0,0,0
2026-06-18 17:56:30.303,1781823390303,133.4584,5.3,0,0,0
2026-06-18 17:56:30.343,1781823390343,133.4584,5.3,0,0,0
2026-06-18 17:56:30.383,1781823390383,128.0064,5.3,0,0,0
2026-06-18 17:56:30.423,1781823390423,128.0064,5.3,0,0,0
2026-06-18 17:56:30.463,1781823390463,128.0064,5.3,0,0,0
2026-06-18 17:56:30.503,1781823390503,128.0064,5.4,0,0,0
2026-06-18 17:56:30.543,1781823390543,128.0064,5.3,0,0,0
2026-06-18 17:56:30.583,1781823390583,128.0064,5.3,0,0,0
2026-06-18 17:56:30.623,1781823390623,128.0064,5.3,0,0,0
2026-06-18 17:56:30.663,1781823390663,128.0839,5.3,0,0,0
2026-06-18 17:56:30.703,1781823390703,128.0839,5.3,0,0,0
2026-06-18 17:56:30.743,1781823390743,128.0839,5.3,0,0,0
2026-06-18 17:56:30.783,1781823390783,128.0839,5.3,0,0,0
2026-06-18 17:56:30.823,1781823390823,128.0839,5.3,0,0,0
2026-06-18 17:56:30.863,1781823390863,128.0839,5.2,0,0,0
2026-06-18 17:56:30.903,1781823390903,127.3694,5.3,0,0,0
2026-06-18 17:56:30.943,1781823390943,127.3694,5.3,0,0,0
2026-06-18 17:56:30.983,1781823390983,127.3694,5.3,0,0,0
2026-06-18 17:56:31.023,1781823391023,127.3694,5.3,0,0,0
2026-06-18 17:56:31.063,1781823391063,127.3694,5.3,0,0,0
2026-06-18 17:56:31.103,1781823391103,127.3694,5.3,0,0,0
2026-06-18 17:56:31.143,1781823391143,127.3694,5.4,0,0,0
2026-06-18 17:56:31.183,1781823391183,124.6639,5.3,0,0,0
2026-06-18 17:56:31.223,1781823391223,124.6639,5.3,0,0,0
2026-06-18 17:56:31.263,1781823391263,124.6639,5.3,0,0,0
2026-06-18 17:56:31.303,1781823391303,124.6639,5.3,0,0,0
2026-06-18 17:56:31.343,1781823391343,124.6639,5.3,0,0,0
2026-06-18 17:56:31.383,1781823391383,124.6639,5.3,0,0,0
2026-06-18 17:56:31.423,1781823391423,119.5083,5.3,0,0,0
2026-06-18 17:56:31.463,1781823391463,119.5083,5.3,0,0,0
2026-06-18 17:56:31.503,1781823391503,119.5083,5.4,0,0,0
2026-06-18 17:56:31.543,1781823391543,119.5083,5.3,0,0,0
2026-06-18 17:56:31.583,1781823391583,119.5083,5.3,0,0,0
2026-06-18 17:56:31.623,1781823391623,119.5083,5.3,0,0,0
2026-06-18 17:56:31.663,1781823391663,119.5083,5.3,0,0,0
2026-06-18 17:56:31.703,1781823391703,121.3562,5.3,0,0,0
2026-06-18 17:56:31.743,1781823391743,121.3562,5.3,0,0,0
2026-06-18 17:56:31.783,1781823391783,121.3562,5.3,0,0,0
2026-06-18 17:56:31.823,1781823391823,121.3562,5.3,0,0,0
2026-06-18 17:56:31.863,1781823391863,121.3562,5.3,0,0,0
2026-06-18 17:56:31.903,1781823391903,121.3562,5.3,0,0,0
2026-06-18 17:56:31.943,1781823391943,119.3714,5.3,0,0,0
2026-06-18 17:56:31.983,1781823391983,119.3714,5.3,0,0,0
2026-06-18 17:56:32.023,1781823392023,119.3714,5.3,0,0,0
2026-06-18 17:56:32.063,1781823392063,119.3714,5.4,0,0,0
2026-06-18 17:56:32.103,1781823392103,119.3714,5.3,0,0,0
2026-06-18 17:56:32.143,1781823392143,119.3714,5.3,0,0,0
2026-06-18 17:56:32.183,1781823392183,119.3714,5.4,0,0,0
2026-06-18 17:56:32.223,1781823392223,121.8346,5.3,0,0,0
2026-06-18 17:56:32.263,1781823392263,121.8346,5.3,0,0,0
2026-06-18 17:56:32.303,1781823392303,121.8346,5.3,0,0,0
2026-06-18 17:56:32.343,1781823392343,121.8346,5.3,0,0,0
2026-06-18 17:56:32.383,1781823392383,121.8346,5.3,0,0,0
2026-06-18 17:56:32.422,1781823392423,121.8346,5.4,0,0,0
2026-06-18 17:56:32.463,1781823392463,119.1360,5.3,0,0,0
2026-06-18 17:56:32.503,1781823392503,119.1360,5.3,0,0,0
2026-06-18 17:56:32.543,1781823392543,119.1360,5.3,0,0,0
2026-06-18 17:56:32.583,1781823392583,119.1360,5.3,0,0,0
2026-06-18 17:56:32.623,1781823392623,119.1360,5.3,0,0,0
2026-06-18 17:56:32.663,1781823392663,119.1360,5.3,0,0,0
2026-06-18 17:56:32.703,1781823392703,119.1360,5.4,0,0,0
2026-06-18 17:56:32.743,1781823392743,124.4763,5.3,0,0,0
2026-06-18 17:56:32.783,1781823392783,124.4763,5.3,0,0,0
2026-06-18 17:56:32.823,1781823392823,124.4763,5.3,0,0,0
2026-06-18 17:56:32.863,1781823392863,124.4763,5.3,0,0,0
2026-06-18 17:56:32.903,1781823392903,124.4763,5.3,0,0,0
2026-06-18 17:56:32.943,1781823392943,124.4763,5.3,0,0,0
2026-06-18 17:56:32.983,1781823392983,122.1753,5.4,0,0,0
2026-06-18 17:56:33.023,1781823393023,122.1753,5.4,0,0,0
2026-06-18 17:56:33.063,1781823393063,122.1753,5.3,0,0,0
2026-06-18 17:56:33.103,1781823393103,122.1753,5.3,0,0,0
2026-06-18 17:56:33.143,1781823393143,122.1753,5.3,0,0,0
2026-06-18 17:56:33.183,1781823393183,122.1753,5.3,0,0,0
